{
    "DataType": "MoneyData",
    "DataVersion": 0,
    "GameVersion": "0.3.4f4",
    "OnlineBalance": 1860.89990234375,
    "Networth": 24724.900390625,
    "LifetimeEarnings": 41009.0,
    "WeeklyDepositSum": 4377.99951171875
}