{
    "DataType": "MoneyData",
    "DataVersion": 0,
    "GameVersion": "0.3.4f4",
    "OnlineBalance": 1084.900390625,
    "Networth": 70122.8984375,
    "LifetimeEarnings": 76230.0,
    "WeeklyDepositSum": 8217.900390625
}