{
    "DataType": "MoneyData",
    "DataVersion": 0,
    "GameVersion": "0.3.4f8",
    "OnlineBalance": 2097.900390625,
    "Networth": 111380.3984375,
    "LifetimeEarnings": 124832.0,
    "WeeklyDepositSum": 10000.0
}